title,link
(500) Days of Summer,https://image.tmdb.org/t/p/w500/f9mbM0YMLpYemcWx6o2WeiYQLDP.jpg
"10,000 B.C.",https://image.tmdb.org/t/p/w500/mS1BxqVqQMTRlUp3FhJ2dD8etjk.jpg
12 Rounds,https://image.tmdb.org/t/p/w500/7k7qhrO57sVoBLrNo5HYoTp24sT.jpg
127 Hours,https://image.tmdb.org/t/p/w500/mS6f1i1uC7TOUzvbWLrbDepFaZW.jpg
17 Again,https://image.tmdb.org/t/p/w500/wqE9b0bdZsubI82zdX1ykLfPajh.jpg
2012,https://image.tmdb.org/t/p/w500/zaqam2RNscH5ooYFWInV6hjx6y5.jpg
27 Dresses,https://image.tmdb.org/t/p/w500/l8XkZAkrmFpxHr7oRoFoDutUtsZ.jpg
30 Days of Night,https://image.tmdb.org/t/p/w500/7LwSrvFA0gz1KAlcrGcinoQPene.jpg
30 Minutes or Less,https://image.tmdb.org/t/p/w500/iwPiophp3orJcIpAf5TJG6yzUJL.jpg
50/50,https://image.tmdb.org/t/p/w500/aZ3JKeCV4EmprxrbzIDuyb7M7AZ.jpg
88 Minutes,https://image.tmdb.org/t/p/w500/8rMiBz8kLMNmQyMbQXL9MPIlyw.jpg
A Dangerous Method,https://image.tmdb.org/t/p/w500/z4uZubCUBlKi2KMomeJIN2jU16k.jpg
A Nightmare on Elm Street,https://image.tmdb.org/t/p/w500/wGTpGGRMZmyFCcrY2YoxVTIBlli.jpg
A Serious Man,https://image.tmdb.org/t/p/w500/qElmjwRZuOQmzgmWRixFd7xEmPn.jpg
A Very Harold and Kumar Christmas,https://image.tmdb.org/t/p/w500/hgrKTnY1UJIYJHDv5geHixHVGl3.jpg
Abduction,https://image.tmdb.org/t/p/w500/3zeEoWFqz5piolP0TQSIIsm6x8U.jpg
Across the Universe,https://image.tmdb.org/t/p/w500/447c8Te3DXC46rQvDEixKGO4dS6.jpg
Adventureland,https://image.tmdb.org/t/p/w500/eeSJNAR1aWcgANq26KWIHm3cbyB.jpg
Albert Nobbs,https://image.tmdb.org/t/p/w500/68fdlvmqTWGC2y5nGXQE5RfgNB5.jpg
Alice in Wonderland,https://image.tmdb.org/t/p/w500/o0kre9wRCZz3jjSjaru7QU0UtFz.jpg
Alien vs. Predator -- Requiem,https://image.tmdb.org/t/p/w500/jCyJN1vj8jqJJ0vNw4hDH2KlySO.jpg
Aliens in the Attic,https://image.tmdb.org/t/p/w500/gjDfPcKcxdJlJkK6pgHrwDfSG3O.jpg
All About Steve,https://image.tmdb.org/t/p/w500/dn2Hg6uWE3Cytis6YGRH7gZ0MMf.jpg
All Good Things,https://image.tmdb.org/t/p/w500/3RM8SyB0yHanJbYeHdgi5eLv21C.jpg
Amelia,https://image.tmdb.org/t/p/w500/opqYDU6xPxAgzFttdoH0RVQ6zn3.jpg
American Gangster,https://image.tmdb.org/t/p/w500/Aokt44h41UJXq9RBFK7H3YyOCte.jpg
An Education,https://image.tmdb.org/t/p/w500/gLIvvUdlocGjm8XVLxhWHAKWrRq.jpg
Anonymous,https://image.tmdb.org/t/p/w500/vArgTEbIPVclxhfdLubLwOYfVKG.jpg
Apollo 18,https://image.tmdb.org/t/p/w500/oW6oUKY2oiQbynwllFboYscVzct.jpg
Appaloosa,https://image.tmdb.org/t/p/w500/qLLUC8QaNx4BK1Vuf7XqSyd8icX.jpg
Armored,https://image.tmdb.org/t/p/w500/oQrAXGkBy84FyGpWrY71ptqs7zD.jpg
Arthur,https://image.tmdb.org/t/p/w500/sPCrGLdTMn0ud3oAJG37VDxpQfZ.jpg
Australia,https://image.tmdb.org/t/p/w500/45X7LFsgYvdEgFCkXSZCQOZMuJX.jpg
Avatar,https://image.tmdb.org/t/p/w500/jRXYjXNq0Cs2TcJjLkki24MLp7u.jpg
Away We Go,https://image.tmdb.org/t/p/w500/bcN8sdoAPZae2Et1klD0iWRdSnZ.jpg
Baby Mama,https://image.tmdb.org/t/p/w500/xZOwucsL5NInPyFcmqJzytHkaJR.jpg
Babylon A.D.,https://image.tmdb.org/t/p/w500/kt9nqD0uOar8IVE9191HXhWOXKI.jpg
Bad Teacher,https://image.tmdb.org/t/p/w500/zpIY4qUSX91J9XpPgr0hFrk1eKr.jpg
Bandslam,https://image.tmdb.org/t/p/w500/gkpl9wZ8k2abtFahxyKn0i9yTlv.jpg
Bangkok Dangerous,https://image.tmdb.org/t/p/w500/iTRftxHW8i4H7ONaOiCIwEXjNDJ.jpg
Battle: Los Angeles,https://image.tmdb.org/t/p/w500/jloyGeVYZSxM9zsLFvVOWuj2ey4.jpg
"Be Kind, Rewind",https://image.tmdb.org/t/p/w500/3n6ErSzozABZWcb880tASUNyBb7.jpg
Beastly,https://image.tmdb.org/t/p/w500/70ApMWwuuR2uD0vLlTq2TxrrOdU.jpg
Bedtime Stories,https://image.tmdb.org/t/p/w500/d0w4anZCzZX74deeQ3PE1byyg97.jpg
Beginners,https://image.tmdb.org/t/p/w500/io2Tm89or3jO2pDtEAPEACx4wUe.jpg
Beowulf,https://image.tmdb.org/t/p/w500/iRGPYzbmDgmk7mBLwtq52AtGhS4.jpg
Beverly Hills Chihuahua,https://image.tmdb.org/t/p/w500/2aRvqtLoE06hTjG93lASvO7r1as.jpg
Black Swan,https://image.tmdb.org/t/p/w500/8XYghKF0xkxp5A7QtK2F5vffdpZ.jpg
Blades of Glory,https://image.tmdb.org/t/p/w500/yclY3zyzrL1MS9b6Eygs9ks0ZTY.jpg
Body of Lies,https://image.tmdb.org/t/p/w500/sLjVDPPfNQfAma9XyOqHPClQb2V.jpg
Bride Wars,https://image.tmdb.org/t/p/w500/eyXT8tmUoyHrg7YX1UVjmecHCWP.jpg
Bridesmaids,https://image.tmdb.org/t/p/w500/gJtA7hYsBMQ7EM3sPBMUdBfU7a0.jpg
Brooklyn's Finest,https://image.tmdb.org/t/p/w500/9ZyJJpMsc3bF8gduDaxo0zo1gwK.jpg
Brothers,https://image.tmdb.org/t/p/w500/ySXRgHCdelVtvUyHcKGpiQKb052.jpg
Bruno,https://image.tmdb.org/t/p/w500/xLFYL5gwCPnMDp5Qmd5wiRSsRPX.jpg
Buried,https://image.tmdb.org/t/p/w500/splPNB0vAoNlb8l5WYxz2E3FK2G.jpg
Burlesque,https://image.tmdb.org/t/p/w500/3U9zBIibERQZqYKM3N1a4MYgBsN.jpg
Burn After Reading,https://image.tmdb.org/t/p/w500/jdwSkQu3XirmX18MNj8CqFWsCk.jpg
Captain America: The First Avenger,https://image.tmdb.org/t/p/w500/vSNxAJTlD0r02V9sPYpOjqDZXUK.jpg
Case 39,https://image.tmdb.org/t/p/w500/b16EjFeHd2AwoYXWUne7DA346pU.jpg
Cats & Dogs: The Revenge of Kitty Galore,https://image.tmdb.org/t/p/w500/aCNch5FmzT2WaUcY44925owIZXY.jpg
Cedar Rapids,https://image.tmdb.org/t/p/w500/udHprtPPfDHdcR1ijoY24mt9OB1.jpg
Changeling,https://image.tmdb.org/t/p/w500/dsCAryPlgLlpZu80hhLTwQHRIpU.jpg
Cirque du Freak: The Vampire's Assistant,https://image.tmdb.org/t/p/w500/3Z2f50SKyHMWLLFH8OsV6hFoKLF.jpg
City Island,https://image.tmdb.org/t/p/w500/t7LJY2LCcGRLP9E4QbwBkLpZ2W7.jpg
City of Ember,https://image.tmdb.org/t/p/w500/jRYNa4tBRI5vpEBT2JRtIVNoDBU.jpg
Clash of the Titans,https://image.tmdb.org/t/p/w500/6iHYLipwEyZUPNO8MM3l1yHDaFE.jpg
Cloverfield,https://image.tmdb.org/t/p/w500/qIegUGJqyMMCRjkKV1s7A9MqdJ8.jpg
College Road Trip,https://image.tmdb.org/t/p/w500/x5pw0xMuQkfs0pu5PkUeVL5gd6u.jpg
Colombiana,https://image.tmdb.org/t/p/w500/rEdGDgRB3gducezNSIyx2lbKQy4.jpg
Conan the Barbarian,https://image.tmdb.org/t/p/w500/7bXLZQpeC5mCCBV0LvY8sgvvybg.jpg
Confessions of a Shopaholic,https://image.tmdb.org/t/p/w500/6DH1iP06fcpjD7tppsTwcAyZfDR.jpg
Contagion,https://image.tmdb.org/t/p/w500/qL0IooP0bjXy0KXl9KEyPo22ll0.jpg
Cop Out,https://image.tmdb.org/t/p/w500/qA31i7FPVDHezuoevx3497CvZd4.jpg
Country Strong,https://image.tmdb.org/t/p/w500/rVxUlUXEXh4VQUqAUOpxTyzG9I6.jpg
Couples Retreat,https://image.tmdb.org/t/p/w500/igXVSRZsNX3TZsKrQqSyEJvzHRF.jpg
Cowboys and Aliens,https://image.tmdb.org/t/p/w500/9uZsGCP4rvOHVGCpMpYq5gNCuNI.jpg
Crank: High Voltage,https://image.tmdb.org/t/p/w500/tzTC4EEvF0OPL63frEiogxL2T8M.jpg
"Crazy, Stupid, Love",https://image.tmdb.org/t/p/w500/p4RafgAPk558muOjnBMHhMArjS2.jpg
Cyrus,https://image.tmdb.org/t/p/w500/v13d1KKluNa4xIKn0YrFfRqIhr7.jpg
Daddy Day Camp,https://image.tmdb.org/t/p/w500/fhuhSVb3j8SShe6FhnVUAfSRg6h.jpg
Dance Flick,https://image.tmdb.org/t/p/w500/zP4mmgmt0OzIz7Cjk4dgxG0SZJA.jpg
Date Night,https://image.tmdb.org/t/p/w500/3DQesDGFJ6l8lASDmv49KW161kP.jpg
Daybreakers	,https://image.tmdb.org/t/p/w500/fFnquVw5gox0DSwqFtdc7hsbr8q.jpg
Dear John,https://image.tmdb.org/t/p/w500/2lAPv2jQ5eh54l4EttA9wjDljED.jpg
Death at a Funeral,https://image.tmdb.org/t/p/w500/oBCQYMJTqV3qLjrvZ5sTZUCBky7.jpg
Death Race,https://image.tmdb.org/t/p/w500/5A79GeOb3uChQ0l0ZDjDyODKQp3.jpg
"Definitely, Maybe",https://image.tmdb.org/t/p/w500/oUdcZfd8r6HZRVIQeaTU0XtQFeQ.jpg
Devil,https://image.tmdb.org/t/p/w500/w3s6XEDNVGq5LUlghqs6VlvsvL6.jpg
Diary of a Wimpy Kid,https://image.tmdb.org/t/p/w500/iW6ixzkrvdrcxk0umiLZMtlSl9L.jpg
Diary of a Wimpy Kid 2: Rodrick Rules,https://image.tmdb.org/t/p/w500/iW6ixzkrvdrcxk0umiLZMtlSl9L.jpg
Did You Hear About the Morgans?,https://image.tmdb.org/t/p/w500/f4ueTTP7pCLau2hoAGMuzrgg8rL.jpg
Dinner for Schmucks,https://image.tmdb.org/t/p/w500/djwkUFhkM81gIsI9ZZ7I6ajZAKY.jpg
Disaster Movie,https://image.tmdb.org/t/p/w500/3J8XKUfhJiNzwobUZVtizXYPe8b.jpg
District 9,https://image.tmdb.org/t/p/w500/tuGlQkqLxnodDSk6mp5c2wvxUEd.jpg
Disturbia,https://image.tmdb.org/t/p/w500/bJNEBrDy6H4QMHj8GC9OHxPdwJm.jpg
Dolphin Tale,https://image.tmdb.org/t/p/w500/92P8cAORDMW4Z8qxYpKz3iFdnYk.jpg
Don't Be Afraid Of The Dark,https://image.tmdb.org/t/p/w500/jMBMm1jwqvILV8p1K44brBnmwLK.jpg
Doomsday,https://image.tmdb.org/t/p/w500/itvuWm7DFWWzWgW0xgiaKzzWszP.jpg
Doubt,https://image.tmdb.org/t/p/w500/9lypT2ghNuUPYVJf66oe4fKvUqI.jpg
Drag Me to Hell,https://image.tmdb.org/t/p/w500/fdyejM5Zd6dsa0YyWa02ZAKwQzK.jpg
"Dragon Wars: D-War",https://image.tmdb.org/t/p/w500/rEpvqWGu08coDLUpcpiz4sMoDYo.jpg
Dragonball Evolution,https://image.tmdb.org/t/p/w500/23PcKOqNdhKeMFzORzQGn5eC44N.jpg
Dream House,https://image.tmdb.org/t/p/w500/uQFbnBEYguc6EWYKG0Hgq4LVdc2.jpg
Drillbit Taylor,https://image.tmdb.org/t/p/w500/shqO696kFnM8Z4ODa3JglcjP97u.jpg
Drive,https://image.tmdb.org/t/p/w500/602vevIURmpDfzbnv5Ubi6wIkQm.jpg
Drive Angry,https://image.tmdb.org/t/p/w500/88jM4h9Jd9NRjgq72kmJZ2jXyzN.jpg
Due Date,https://image.tmdb.org/t/p/w500/4dzo4uWmkgp20uwm0jpiduRtvju.jpg
Duplicity,https://image.tmdb.org/t/p/w500/vpWQs3CjwG6Er3DgZlv4L3NFjXg.jpg
Dylan Dog: Dead of Night,https://image.tmdb.org/t/p/w500/pkB97upmnlTZfB8u1Ff452Ybd7X.jpg
Eagle Eye,https://image.tmdb.org/t/p/w500/9KCOv0hL37IN3tWG3j86eZg3xDH.jpg
Easy A,https://image.tmdb.org/t/p/w500/pYeY5lBudgWAunG4qlsWCA3PlxM.jpg
Eat Pray Love	,https://image.tmdb.org/t/p/w500/9Hgiv1UEIjc8VwtOmFBCFzMs0er.jpg
Enchanted,https://image.tmdb.org/t/p/w500/8KCNzCArLlvLdQoHx6npua2VSVc.jpg
Epic Movie,https://image.tmdb.org/t/p/w500/l0lGJiTzU2Ce6T31DIRWv7I0kaC.jpg
Evan Almighty,https://image.tmdb.org/t/p/w500/5vjH8oQFZXJ0gTOPsJKWidVsWmg.jpg
Everybody's Fine,https://image.tmdb.org/t/p/w500/3In4SuHSKSQINr7Lh5xNfPKFv63.jpg
Everything Must Go,https://image.tmdb.org/t/p/w500/n4wMD3LHyo3nYZNWEOGLzgdyWjX.jpg
Extract,https://image.tmdb.org/t/p/w500/cjen0vxjybwItQPH3NNCJuME2MY.jpg
Extraordinary Measures	,https://image.tmdb.org/t/p/w500/3KoxLZ2yeGSIHgQdE0PUU8Z6J7w.jpg
Extremely Loud and Incredibly Close,https://image.tmdb.org/t/p/w500/6pszViNvKr1r31pP7gJNYDHEx5P.jpg
Fame,https://image.tmdb.org/t/p/w500/hm7f9a0BdjV9OLOJ5wFWQq55Jfd.jpg
Fantastic Four: Rise of the Silver Surfer,https://image.tmdb.org/t/p/w500/9wRfzTcMyyzkQxVDqBHv8RwuZOv.jpg
Fast and Furious,https://image.tmdb.org/t/p/w500/xxiwm75ADoHu0NCDObRG1AnHi02.jpg
Fast Five,https://image.tmdb.org/t/p/w500/2wvhaePcCHd6XrTPRlrMXTQSlzf.jpg
Faster	,https://image.tmdb.org/t/p/w500/AsUeaXrhw4oscCSjUZ6heh1pVvd.jpg
Final Destination 5,https://image.tmdb.org/t/p/w500/Akx1Po4ZLetOWfYJhQf75tbhTtK.jpg
Fired Up!,https://image.tmdb.org/t/p/w500/ifTjxzY6ZlFOVEypy1B9FFpiZUp.jpg
Fireproof,https://image.tmdb.org/t/p/w500/hfoCG75j1YaNyfZGPg0rWy3nFmU.jpg
First Sunday,https://image.tmdb.org/t/p/w500/9l0sdc7ohLe6TdFsYyCTBnVn1F8.jpg
Fool's Gold,https://image.tmdb.org/t/p/w500/5pIqVNmWJ87K5dk9tE01o6gknZJ.jpg
Footloose,https://image.tmdb.org/t/p/w500/68eo5PVf2o18BQivw3U7IJia6kV.jpg
For Colored Girls,https://image.tmdb.org/t/p/w500/lj7SFMEUL0BRi41TDdVTVcq70Gt.jpg
Forgetting Sarah Marshall,https://image.tmdb.org/t/p/w500/6VKSQ40z76zi6nMqX7zjCZKfsBa.jpg
Four Christmases,https://image.tmdb.org/t/p/w500/zixj44TC7rwzpxtJAG5OzFJnEqe.jpg
Friday the 13th,https://image.tmdb.org/t/p/w500/88wlJ4teYlck4hJ2bnlxBrAVh0m.jpg
Friends With Benefits,https://image.tmdb.org/t/p/w500/nKhhDFCdzxeJ3GUunQ570LDpUkz.jpg
Fright Night,https://image.tmdb.org/t/p/w500/upVMb3s1RugX4J0O40zfERjPE5N.jpg
From Paris with Love,https://image.tmdb.org/t/p/w500/poVoLKLxUqsTLSntA40Po2F78dZ.jpg
Funny People,https://image.tmdb.org/t/p/w500/gEYKD5cWCBGg8Za3hhwDBk3gEsP.jpg
Furry Vengeance	,https://image.tmdb.org/t/p/w500/vR8BBTRxU2xu0FvrTTio8CvCwi3.jpg
G-Force,https://image.tmdb.org/t/p/w500/jpjG88kTrK7mHnRx4cpLHh8YZwr.jpg
G.I. Joe: The Rise of Cobra,https://image.tmdb.org/t/p/w500/mc9b25IAprHfsaOz0wTshOwGHcY.jpg
Gamer,https://image.tmdb.org/t/p/w500/ljOKBQ94VyGRm0AIQmeffU3u2pP.jpg
Get Him to the Greek,https://image.tmdb.org/t/p/w500/6g0li87w8LIK77QRUtOkQkM6bD7.jpg
Get Smart,https://image.tmdb.org/t/p/w500/c1x9EYmTTe9xTM8DclELORwC1PN.jpg
Ghost Rider,https://image.tmdb.org/t/p/w500/8LaVQiXBsnlo7MXCPK1nXTVARUZ.jpg
Ghost Town,https://image.tmdb.org/t/p/w500/b8VS14DwpLlugTxVWSllYU0Gjn5.jpg
Ghosts of Girlfriends Past,https://image.tmdb.org/t/p/w500/yNn5NjNQF8m7w05Jqk2kEW2XOfU.jpg
Going the Distance,https://image.tmdb.org/t/p/w500/shmF571Ph6U5E03ahuuzOPi6rl9.jpg
Good Luck Chuck,https://image.tmdb.org/t/p/w500/eGxaRbDfxBWPysoxkOfYgkwflxJ.jpg
Gran Torino,https://image.tmdb.org/t/p/w500/zUybYvxWdAJy5hhYovsXtHSWI1l.jpg
Green Lantern,https://image.tmdb.org/t/p/w500/fj21HwUprqjjwTdkKC1XZurRSpV.jpg
Green Zone,https://image.tmdb.org/t/p/w500/czFIaeukSxNEccysQeys1PCkuOG.jpg
Greenberg,https://image.tmdb.org/t/p/w500/jAsN4vPpycVxC89QlA6NYBXRuK7.jpg
Grindhouse,https://image.tmdb.org/t/p/w500/jl3K6T8Mridd2dWmcdBpKyHyt6Y.jpg
Grown Ups	,https://image.tmdb.org/t/p/w500/cQGM5k1NtU85n4TUlrOrwijSCcm.jpg
Gulliver's Travels,https://image.tmdb.org/t/p/w500/tazLyiF4q2w07jXjg4z4CQZgvY.jpg
Hachiko: A Dog's Story,https://image.tmdb.org/t/p/w500/lsy3aEsEfYIHdLRk4dontZ4s85h.jpg
Hall Pass,https://image.tmdb.org/t/p/w500/HqwUkeLOm6PUvcMntKvN0iSNR.jpg
Halloween,https://image.tmdb.org/t/p/w500/yoAKHpveZ4Z1wwwXoD31dXj3H8s.jpg
Halloween II,https://image.tmdb.org/t/p/w500/vSHPM4LQDpWdQrD5KZWK6wNqSOD.jpg
Hancock,https://image.tmdb.org/t/p/w500/7DyuV2G0hLEqHeueDfOqhZ2DVut.jpg
Hanna,https://image.tmdb.org/t/p/w500/gRvxRMtejJa9jjfDDUibUIfIJbP.jpg
Hannah Montana: The Movie,https://image.tmdb.org/t/p/w500/8pwbnmvshHj2yYPYlyJ8K8Yzecy.jpg
Harold and Kumar Escape from Guantanamo Bay,https://image.tmdb.org/t/p/w500/pRo2wOKbJEfoLnTK1APcDtKfGzL.jpg
Harry Potter and the Deathly Hallows Part 1,https://image.tmdb.org/t/p/w500/iGoXIpQb7Pot00EEdwpwPajheZ5.jpg
Harry Potter and the Half-Blood Prince,https://image.tmdb.org/t/p/w500/z7uo9zmQdQwU5ZJHFpv2Upl30i1.jpg
Harry Potter and the Order of the Phoenix,https://image.tmdb.org/t/p/w500/5aOyriWkPec0zUDxmHFP9qMmBaj.jpg
He's Just Not That Into You,https://image.tmdb.org/t/p/w500/ruc33YnCrmCL8PHdPQVzfa4shWX.jpg
Hellboy II: The Golden Army,https://image.tmdb.org/t/p/w500/fGQAO4RgUzspO7L4u5KXirIn34s.jpg
Hesher,https://image.tmdb.org/t/p/w500/dD03azf3h1hUHVzVkkqJs96Kkay.jpg
High School Musical 3: Senior Year,https://image.tmdb.org/t/p/w500/cKWIxQh2dMUgjsxJenrf7A81D95.jpg
Hitman,https://image.tmdb.org/t/p/w500/h69UJOOKlrHcvhl5H2LY74N61DQ.jpg
Horrible Bosses,https://image.tmdb.org/t/p/w500/uQkUwgyFHAm0jGQERPG6Z9o9Zbj.jpg
Hostel: Part II,https://image.tmdb.org/t/p/w500/qB20aiY8Ah3pQikkBxm3j7jQVc8.jpg
Hot Tub Time Machine,https://image.tmdb.org/t/p/w500/wjzbVXAes1acbh6k4OO5xVfy5.jpg
Hotel for Dogs,https://image.tmdb.org/t/p/w500/maFnSOpmNDhlEYjOrnWrriJLF3T.jpg
Hugo,https://image.tmdb.org/t/p/w500/cFFkim9vRl250n50brtqfSvVF9k.jpg
I Am Legend,https://image.tmdb.org/t/p/w500/iPDkaSdKk2jRLTM65UOEoKtsIZ8.jpg
I Am Number Four,https://image.tmdb.org/t/p/w500/973sCL0OjAk2Igq46SDwhyDFv3n.jpg
I Love You Beth Cooper,https://image.tmdb.org/t/p/w500/mUi6nEbo04DR1YwflbZX1RR7UwS.jpg
I Love You Phillip Morris,https://image.tmdb.org/t/p/w500/qtAuWLGQ7N4PNQ6boZeqqoUY2l9.jpg
"I Love You, Man",https://image.tmdb.org/t/p/w500/xr4zAYsvgTzvMMiWu6qCAP9WBer.jpg
I Now Pronounce You Chuck and Larry,https://image.tmdb.org/t/p/w500/6wjJ9EnNw4cmTSZYgnao7RpI3X.jpg
I'm Still Here,https://image.tmdb.org/t/p/w500/qJsvyPrmZro8pA7v9ozpuoNmsTQ.jpg
Imagine That,https://image.tmdb.org/t/p/w500/lyCTP5C3raH46hJNS9WfBSnWHsG.jpg
Immortals,https://image.tmdb.org/t/p/w500/swJ3VuuSMJUDoi899VuXG5OqmPG.jpg
In the Land of Women,https://image.tmdb.org/t/p/w500/qbfVeY8sE3luiRXYZTPT9rjV6p1.jpg
In Time,https://image.tmdb.org/t/p/w500/3Mwj2sIONQckOZP3YwsUXF7U5I4.jpg
Inception,https://image.tmdb.org/t/p/w500/8IB2e4r4oVhHnANbnm7O3Tj6tF8.jpg
Indiana Jones and the Kingdom of the Crystal Skull,https://image.tmdb.org/t/p/w500/56As6XEM1flWvprX4LgkPl8ii4K.jpg
Inglourious Basterds,https://image.tmdb.org/t/p/w500/7sfbEnaARXDDhKm0CZ7D7uc2sbo.jpg
Inkheart,https://image.tmdb.org/t/p/w500/jqvhxcowBfckO8RWtaMMVc4QFeB.jpg
Insidious,https://image.tmdb.org/t/p/w500/tmlDFIUpGRKiuWm9Ixc6CYDk4y0.jpg
Into the Wild,https://image.tmdb.org/t/p/w500/2MSGZEE6XZd2r4ODNziwAw7Hpw0.jpg
Iron Man,https://image.tmdb.org/t/p/w500/78lPtwv72eTNqFW9COBYI0dWDJa.jpg
Iron Man 2,https://image.tmdb.org/t/p/w500/6WBeq4fCfn7AN0o21W9qNcRF2l9.jpg
It's Complicated,https://image.tmdb.org/t/p/w500/Act1ypvpDNVzWbceIktX6KmmNhh.jpg
J. Edgar,https://image.tmdb.org/t/p/w500/hWHFPhGvCvfHbZCxJSR3n6GsXIf.jpg
Jack and Jill,https://image.tmdb.org/t/p/w500/kFeAxmZvu0TE4iuLRHQD6Cej8Wf.jpg
Jane Eyre,https://image.tmdb.org/t/p/w500/rTO343NZpWcJxhhSZhY9KfCtMqj.jpg
Jennifer's Body,https://image.tmdb.org/t/p/w500/wrkjsGcFJxcQqR56kJUYAEKKg2T.jpg
Johnny English Reborn,https://image.tmdb.org/t/p/w500/1T6qnlTVkrGr0mpgZbpSwVU5FWW.jpg
Jonah Hex,https://image.tmdb.org/t/p/w500/1MpWjcCn8M0763QDoxcN0gXrc5q.jpg
Journey to the Center of the Earth,https://image.tmdb.org/t/p/w500/myhj05hTAcQL2rhOrMqWxiioo49.jpg
Jumper,https://image.tmdb.org/t/p/w500/3pPZ9JhNz3VMmASVir5SMHvTDUU.jpg
Juno,https://image.tmdb.org/t/p/w500/jNIn2tVhpvFD6P9IojldI3mNYcn.jpg
Just Go With It,https://image.tmdb.org/t/p/w500/ez1EDULOCUUCySHOZU6tz97qbtM.jpg
Just Wright,https://image.tmdb.org/t/p/w500/qx1SumoTQYtB9VyxQ7irlfE2e7L.jpg
Kick-Ass,https://image.tmdb.org/t/p/w500/8citjdBmjddZjlPsAHEyCKwGVvD.jpg
Killer Elite,https://image.tmdb.org/t/p/w500/7O2U0WPFPSvNSUYZlhbnV081lBF.jpg
Killers,https://image.tmdb.org/t/p/w500/o3nIJ5n4Qx74msRkP0FVaK6dx5z.jpg
Kit Kittredge: An American Girl,https://image.tmdb.org/t/p/w500/niHi0hJSryO5DpSVNCMASc3EELc.jpg
Knight and Day,https://image.tmdb.org/t/p/w500/a7JmOBMNj5erYTgt4u1mQgvHItu.jpg
Knocked Up,https://image.tmdb.org/t/p/w500/b4OaXw2MW97VvIiZE0Sbn1NfxSh.jpg
Knowing,https://image.tmdb.org/t/p/w500/nO9gTGDNdYnPr9ILKNQmk6EVTVR.jpg
Land of the Lost,https://image.tmdb.org/t/p/w500/wpX0SnZI7XyXlL8UfvmmeThkmgw.jpg
Larry Crowne,https://image.tmdb.org/t/p/w500/8GDM7RqM6J1vNUdlU94rmtlNa3e.jpg
Leap Year,https://image.tmdb.org/t/p/w500/i86hMi5iEF3WnYLCaGHdT5FPdYg.jpg
Leatherheads,https://image.tmdb.org/t/p/w500/dl2yu8iuwG3dqbpjalm2odadRaH.jpg
Legion,https://image.tmdb.org/t/p/w500/ykocDqwg5PRUopnBVb1x1DWnEJF.jpg
Letters to Juliet,https://image.tmdb.org/t/p/w500/749W0FujsqIupUSHDT3rRTvjHSd.jpg
License to Wed,https://image.tmdb.org/t/p/w500/mXNMHCceDH8g8Rhzz3nmYvCvjYO.jpg
Life as We Know It,https://image.tmdb.org/t/p/w500/zLzS2aOqKsS0QvEaY6SfBw4VBqh.jpg
Limitless,https://image.tmdb.org/t/p/w500/hv5JMCrMVLvV6HKPf9FcBuyk2MG.jpg
Lions for Lambs,https://image.tmdb.org/t/p/w500/rvpxNsR0n4zh40WM6MiUlkV60on.jpg
Little Fockers,https://image.tmdb.org/t/p/w500/90mwPRNMmX9RUGVgKMJMJNQnYX8.jpg
Live Free or Die Hard,https://image.tmdb.org/t/p/w500/31TT47YjBl7a7uvJ3ff1nrirXhP.jpg
Love & Other Drugs,https://image.tmdb.org/t/p/w500/pIkRyD18kl4FhoCNQuWxWu5cBLM.jpg
Love Happens,https://image.tmdb.org/t/p/w500/u6XPulat2zwbkLvistGCA9UPTXp.jpg
MacGruber,https://image.tmdb.org/t/p/w500/9cO8JD7aaQzI4q8lBS8MYXH8LrJ.jpg
Machete,https://image.tmdb.org/t/p/w500/dcPSm1rGEFdiEc7DaKz0t5kb66b.jpg
Machine Gun Preacher,https://image.tmdb.org/t/p/w500/A9gRYTyNLGJuxHmqdGM5UxHxJtB.jpg
Mad Money,https://image.tmdb.org/t/p/w500/le0r7Hf7YOy3QFdOoYXRI29T1mW.jpg
Made of Honor,https://image.tmdb.org/t/p/w500/pDg8D0jNqmz7RbCBgblWvmPswHE.jpg
Mamma Mia!,https://image.tmdb.org/t/p/w500/mQy3BuOdf3OSORWOKTodqfRayJM.jpg
Margin Call,https://image.tmdb.org/t/p/w500/pgMIdInSIGw0uSory7yEBFGrvIS.jpg
Marley and Me,https://image.tmdb.org/t/p/w500/pnB6hjTKylb0Ve2nUWt16gzkErr.jpg
Marmaduke,https://image.tmdb.org/t/p/w500/bMUhBeMp0vLQzaPBX0izFdnFvh0.jpg
Max Payne,https://image.tmdb.org/t/p/w500/3cWnCG5NyXJYARO2hmNqfbbgrMA.jpg
Meet Dave,https://image.tmdb.org/t/p/w500/3Qfav5aVRcZmq854olMjJ795JJ2.jpg
Meet the Spartans,https://image.tmdb.org/t/p/w500/DWQOjAPvM8Kk1Qp3Xq0zae0Z6w.jpg
Michael Clayton,https://image.tmdb.org/t/p/w500/hhkW4yVIGo8Bee3UITKvqOvhNMG.jpg
Midnight in Paris,https://image.tmdb.org/t/p/w500/4wBG5kbfagTQclETblPRRGihk0I.jpg
Miracle at St. Anna,https://image.tmdb.org/t/p/w500/7PqmgaQBuD0Zp9pDIkkEjkhCJUj.jpg
Mirrors,https://image.tmdb.org/t/p/w500/bt5a4ThyLpLTsia2e2ZTLzQjXO0.jpg
Miss Pettigrew Lives for a Day,https://image.tmdb.org/t/p/w500/A8ylf9VH21E9uxcl7vslJpPXnwQ.jpg
Mission Impossible 4,https://image.tmdb.org/t/p/w500/ytc79IXrfz5OHnyCXkPH0N9pD8c.jpg
Moneyball,https://image.tmdb.org/t/p/w500/4yIQq1e6iOcaZ5rLDG3lZBP3j7a.jpg
Monte Carlo,https://image.tmdb.org/t/p/w500/dcbqyycrWA56HXq5lm41HYuED8Y.jpg
Morning Glory,https://image.tmdb.org/t/p/w500/aFRXEoB3QkeHNHYmVGC3uzFSol8.jpg
Mother and Child,https://image.tmdb.org/t/p/w500/k5CjH4scjbBlGWLdZyUS7NEZf16.jpg
Mr. Brooks,https://image.tmdb.org/t/p/w500/yO9pNxyAFGb1i8cutXsYlTF5RT7.jpg
Mr. Popper's Penguins,https://image.tmdb.org/t/p/w500/jGwZ1QI5DaL7mHQ2ZsMV1p8xvPS.jpg
Music and Lyrics,https://image.tmdb.org/t/p/w500/xcdA2WLBNcPXMQB9uA5DqqQvbwe.jpg
My Best Friend's Girl,https://image.tmdb.org/t/p/w500/2PN16HJY0QoQrQDfbgopzwAUL0U.jpg
My Life in Ruins,https://image.tmdb.org/t/p/w500/AwjpyCXH2US0dH3AUHhfvQq7pVS.jpg
My Sister's Keeper,https://image.tmdb.org/t/p/w500/atRGqnG7pe0hZP97RWDLrT2hRGZ.jpg
My Soul to Take,https://image.tmdb.org/t/p/w500/aPbR3auoJJ7cvOofQGw4NWm7OTf.jpg
My Week with Marilyn,https://image.tmdb.org/t/p/w500/5naqXRY1Zug5cyJJbO9H4DOg28q.jpg
Nancy Drew,https://image.tmdb.org/t/p/w500/wFl2Hvg2AE16NC4lVabK1fx8pzo.jpg
Nanny McPhee Returns,https://image.tmdb.org/t/p/w500/9cgHfgBXVZmVR63AhwJ82R1kAFS.jpg
National Treasure: Book of Secrets,https://image.tmdb.org/t/p/w500/xxoIBbvmTj1ZttzV439jAvoovTw.jpg
Never Back Down,https://image.tmdb.org/t/p/w500/8oRUTyP1QAtGDMvRpKZyuyFPG0U.jpg
Never Let Me Go,https://image.tmdb.org/t/p/w500/8F0r5ng9Fp60OhzQfR5v33fppq.jpg
New Year's Eve,https://image.tmdb.org/t/p/w500/nNh8PDzkx4dUdNYtlzAiprpNs5e.jpg
Next,https://image.tmdb.org/t/p/w500/jyw8VKYEiM1UDzPB7NsisUgBeJ8.jpg
Next Day Air,https://image.tmdb.org/t/p/w500/vDGDPaYC2w60HWDSs9G64hHs6cs.jpg
Nick and Norah's Infinite Playlist,https://image.tmdb.org/t/p/w500/cndxWgZEHnSUtytrMjal97ye34E.jpg
Night at the Museum: Battle of the Smithsonian,https://image.tmdb.org/t/p/w500/dNvYjzFuSSY7DCVZK7zzaZFemHt.jpg
Nights in Rodanthe,https://image.tmdb.org/t/p/w500/nyB5BeSNJUcWwKN7ypCMjbvnarq.jpg
Nim's Island,https://image.tmdb.org/t/p/w500/vhNoXDpc7T5OdmAuu8DMHLB39uo.jpg
Nine,https://image.tmdb.org/t/p/w500/zSXVI01jUCt6bvcbUSjHlTtnWgE.jpg
Ninja Assassin,https://image.tmdb.org/t/p/w500/ipJ4mgqse6uoTRsDyU3TXmva1rt.jpg
No Country for Old Men,https://image.tmdb.org/t/p/w500/bj1v6YKF8yHqA489VFfnQvOJpnc.jpg
No Reservations,https://image.tmdb.org/t/p/w500/eKqfRSf0DZ0Qey1f9ZHuZfsmXVR.jpg
No Strings Attached,https://image.tmdb.org/t/p/w500/9C09L1U9S13J4Ut029Qhu0oLcTQ.jpg
Norbit,https://image.tmdb.org/t/p/w500/adBqvVwyzHgDzZJnNCqe8RWImxV.jpg
Not Easily Broken,https://image.tmdb.org/t/p/w500/8gmdToawg8gaSe9yWZjQ10v7noL.jpg
Observe and Report,https://image.tmdb.org/t/p/w500/z2wcS9UbUfJIn6xAzs1ZdGCGCnQ.jpg
Obsessed,https://image.tmdb.org/t/p/w500/x98L6eO7MsvNmXFy8TNza9UdsFI.jpg
Ocean's 13,https://image.tmdb.org/t/p/w500/pBsZs4zYUiUTemqbikTZ76iQRaU.jpg
Old Dogs,https://image.tmdb.org/t/p/w500/kBGqhumfOuDCpIErICWPHcXNvah.jpg
One Day,https://image.tmdb.org/t/p/w500/xGclxjTTbOdR18zqoldGTjfzSkl.jpg
One Missed Call,https://image.tmdb.org/t/p/w500/9pIvQaQV0sMHx7d3Ys9qTK9YqTZ.jpg
Orphan,https://image.tmdb.org/t/p/w500/pHkKbIRoCe7zIFvqan9LFSaQAde.jpg
Our Family Wedding,https://image.tmdb.org/t/p/w500/zvRn8aM9lmuBbbJVJgxZl41zarB.jpg
Our Idiot Brother,https://image.tmdb.org/t/p/w500/47kXCbmHOjxyW5Ao3oQ2uoheHi9.jpg
Over Her Dead Body,https://image.tmdb.org/t/p/w500/85moNqAncGlJXEwt4Ja3DfNbiQY.jpg
P.S. I Love You,https://image.tmdb.org/t/p/w500/bZlRZKBOR6cC8L35BgGoh4hJ63F.jpg
Pandorum,https://image.tmdb.org/t/p/w500/mNMfa6r3pl0EzFIKEkVcxyr6Rc7.jpg
Paranormal Activity,https://image.tmdb.org/t/p/w500/bXAVveHiLotZbWdg3PKGhAzxYKP.jpg
Paranormal Activity 2,https://image.tmdb.org/t/p/w500/qmRvepjx8j3LklxtNaTMAjDZGSv.jpg
Paranormal Activity 3,https://image.tmdb.org/t/p/w500/9nYranPiWdNmbD5PRPPSL7VUFTS.jpg
Paul,https://image.tmdb.org/t/p/w500/ijTJf6evpPF0DgGMgiUFxbDgnJh.jpg
Paul Blart: Mall Cop,https://image.tmdb.org/t/p/w500/A4zZv0Q1VKURFZFEl2vwjaE2q0g.jpg
Penelope,https://image.tmdb.org/t/p/w500/5NpXoAi3nEQkEgLO09nmotPfyNa.jpg
Percy Jackson & the Olympians: The Lightning Thief,https://image.tmdb.org/t/p/w500/vayx5t1cYCpBGV9ylTGn0Sr9rA2.jpg
Pineapple Express,https://image.tmdb.org/t/p/w500/6E50WjeOYjDZg9HXgPjYdGtY2jG.jpg
Piranha 3-D,https://image.tmdb.org/t/p/w500/9651UNV3Mj45IOYCD9vlxFpYiw0.jpg
Pirates of the Caribbean: On Stranger Tides,https://image.tmdb.org/t/p/w500/keGfSvCmYj7CvdRx36OdVrAEibE.jpg
Pirates of the Caribbean: At World's End,https://image.tmdb.org/t/p/w500/2YMnBRh8F6fDGCCEIPk9Hb0cEyB.jpg
Please Give,https://image.tmdb.org/t/p/w500/kft7oy2SoImjDUXgeFbUxhICdc2.jpg
Post Grad,https://image.tmdb.org/t/p/w500/yM1QcAtEGkzAM3HFznXj8kvjyDk.jpg
Predators,https://image.tmdb.org/t/p/w500/54LZIRznS0Zjn7ZDXrsGVe3HXei.jpg
Premonition,https://image.tmdb.org/t/p/w500/vKW1XIYrIqVrbCaYj9FQDHKXR8R.jpg
Priest,https://image.tmdb.org/t/p/w500/btNni3pWy3LTmckilBPxs3r8zDP.jpg
Prince of Persia: The Sands of Time,https://image.tmdb.org/t/p/w500/lkp1GFmWyf7k2WKvKIQuuGyichI.jpg
Prom Night,https://image.tmdb.org/t/p/w500/r2Ew7wUP96PsePEZseK6JqcPWY9.jpg
Punisher: War Zone,https://image.tmdb.org/t/p/w500/oOvKJgYUIpfswGHAdW6159bPbvM.jpg
Push,https://image.tmdb.org/t/p/w500/fHStfRjQGstuqtUz4Q22lbFU58M.jpg
Quantum of Solace,https://image.tmdb.org/t/p/w500/e3DXXLJHGqMx9yYpXsql1XNljmM.jpg
Quarantine,https://image.tmdb.org/t/p/w500/rGfOD8IC1x4PqmnqRuA8KyCckia.jpg
Race to Witch Mountain,https://image.tmdb.org/t/p/w500/zoKcwyQk8VyWeMsaf8mgHzzWERZ.jpg
Rachel Getting Married,https://image.tmdb.org/t/p/w500/bumaq3lqe4YSsq6LlYoge7e9ABk.jpg
Rambo,https://image.tmdb.org/t/p/w500/r8LPeldxskHrGJTPfhICguCip2H.jpg
Real Steel,https://image.tmdb.org/t/p/w500/4GIeI5K5YdDUkR3mNQBoScpSFEf.jpg
Red,https://image.tmdb.org/t/p/w500/qsdjk9oAKSQMWs0Vt5Pyfh6O4GZ.jpg
Red Riding Hood,https://image.tmdb.org/t/p/w500/ixQYkLeLlTTnAoT32dukndyObB6.jpg
Red State,https://image.tmdb.org/t/p/w500/jPpaBzZxpv9gf5QvZyIMthO66Gm.jpg
Remember Me,https://image.tmdb.org/t/p/w500/j7umuMiLCHvWT7wYhFKJOTFSokF.jpg
Repo Men,https://image.tmdb.org/t/p/w500/briDKf5nrLzox2zcI6pquKeqWz8.jpg
Resident Evil: Afterlife,https://image.tmdb.org/t/p/w500/qf8XoYwhPuk7omhcSdvAH2742my.jpg
Rise of the Planet of the Apes,https://image.tmdb.org/t/p/w500/cjLsuP75UDlRdJVMXzXg3TJ4umX.jpg
Robin Hood,https://image.tmdb.org/t/p/w500/wsRrmJmzxQbtPDAwEBxB3JWo1FM.jpg
Role Models,https://image.tmdb.org/t/p/w500/ytACGdm83oK7iwwmoQJoX2YtOvl.jpg
Rush Hour 3,https://image.tmdb.org/t/p/w500/rZ7IxJlPhNNJ6Rn8z1rzsXuA70P.jpg
Salt,https://image.tmdb.org/t/p/w500/ppXyhOe8UCEOrBRSYqE3SkHwrcR.jpg
Sanctum,https://image.tmdb.org/t/p/w500/zRUNv1CbeVtmTCNr6RLHnxV2QYm.jpg
Saw IV,https://image.tmdb.org/t/p/w500/e3pLI0qN1AKGHwOcMuwTpyI2SLN.jpg
Saw VI,https://image.tmdb.org/t/p/w500/9fFI57FuE9X4pUCIiKZZZCB7caK.jpg
Scott Pilgrim vs. the World,https://image.tmdb.org/t/p/w500/g5IoYeudx9XBEfwNL0fHvSckLBz.jpg
Scream 4,https://image.tmdb.org/t/p/w500/7kjEHGXqIIMZ5EeNNEeZUP5ruIE.jpg
Season Of The Witch,https://image.tmdb.org/t/p/w500/6jyHkHpNwy8qjxhc5vJsmqVCl3J.jpg
Semi-Pro,https://image.tmdb.org/t/p/w500/7KJrvJf96UpkXsWVOjzCo1IbnW6.jpg
Seven Pounds,https://image.tmdb.org/t/p/w500/pCVpsCEYtvtlg1I9h3rtglKgThu.jpg
Sex and the City,https://image.tmdb.org/t/p/w500/AhNfnsGW95RKHQNLdgFH48UN0Zy.jpg
Sex and the City 2,https://image.tmdb.org/t/p/w500/6CtFxG3WbeS8khj0Wzshmqg2zLM.jpg
Sex Drive,https://image.tmdb.org/t/p/w500/4Py88PRFuzDgXtkOwnxfNobWn6B.jpg
Shame,https://image.tmdb.org/t/p/w500/aywgzSw9LK4z3DxMPZsNbzWYqQ1.jpg
Shark Night 3D,https://image.tmdb.org/t/p/w500/cjfRqUXtNc2iJHfP60HTq9nFs0.jpg
She's Out of My League,https://image.tmdb.org/t/p/w500/wTy3rtmbgJkClR492q6FBbtdeMb.jpg
Sherlock Holmes,https://image.tmdb.org/t/p/w500/momkKuWburNTqKBF6ez7rvhYVhE.jpg
Sherlock Holmes 2,https://image.tmdb.org/t/p/w500/y1MYZkwhZK6L0Jy4YMuPktzDOfn.jpg
Shoot 'Em Up,https://image.tmdb.org/t/p/w500/pbHpZfjzF4hKomaSmSZWRWKhO0P.jpg
Shooter,https://image.tmdb.org/t/p/w500/tyRP8JedrDkPPvH3JxKYsdP2esu.jpg
Shutter,https://image.tmdb.org/t/p/w500/kve20tXwUZpu4GUX8l6X7Z4jmL6.jpg
Shutter Island,https://image.tmdb.org/t/p/w500/kve20tXwUZpu4GUX8l6X7Z4jmL6.jpg
Skyline,https://image.tmdb.org/t/p/w500/8QpvbnNrtzijlwiM0bFVeilc6lc.jpg
Smart People,https://image.tmdb.org/t/p/w500/igIl4RKxOEYvhQGKCvM6vCRMiVm.jpg
Solitary Man,https://image.tmdb.org/t/p/w500/5Dpm8QDoL3w3ZOwVl6rgvjRWxrj.jpg
Something Borrowed,https://image.tmdb.org/t/p/w500/ePBBKnOkxsK2Ijdnt5EN7sHSSWO.jpg
Sorority Row,https://image.tmdb.org/t/p/w500/rbZU0hrndaubP7ovlmeCf670Ojh.jpg
Soul Men,https://image.tmdb.org/t/p/w500/4toKUyrADdNAdDBKmR3S4A2uqOO.jpg
Soul Surfer,https://image.tmdb.org/t/p/w500/urLCQDCOITabAud39ZwLbNFBrc4.jpg
Source Code,https://image.tmdb.org/t/p/w500/AtQDTlj3MFOXJd5C9OopaRo3rRo.jpg
Speed Racer,https://image.tmdb.org/t/p/w500/x800OyHuJ9JDuhHLtdPLkH1vBjw.jpg
Spider-Man 3,https://image.tmdb.org/t/p/w500/rmGLCH63IBByBx5SCbsn0pNWHdg.jpg
Spy Kids: All The Time in the World,https://image.tmdb.org/t/p/w500/9pUVarhiXfCu8amjmyadzJJJITi.jpg
Star Trek,https://image.tmdb.org/t/p/w500/9vaRPXj44Q2meHgt3VVfQufiHOJ.jpg
Stardust,https://image.tmdb.org/t/p/w500/AsCrevARwF6eCrF2v8zpLdn0gth.jpg
Step Brothers,https://image.tmdb.org/t/p/w500/jV0eDViuTRf9cmj4H0JNvbvaNbR.jpg
Step Up 2: The Streets,https://image.tmdb.org/t/p/w500/wGCRkvgoVRML29w2XWOdRbMJh5Q.jpg
Step Up 3D,https://image.tmdb.org/t/p/w500/rPcqa5TZ7S63RNmCuY45ZizFBen.jpg
Stone,https://image.tmdb.org/t/p/w500/wuMc08IPKEatf9rnMNXvIDxqP4W.jpg
Stop-Loss,https://image.tmdb.org/t/p/w500/hsmZcNzPGnZwRgCKAfIr1JngYu5.jpg
Street Fighter: The Legend of Chun-Li,https://image.tmdb.org/t/p/w500/mLoSUrNME7L19fxu5dBUrU9UJ4h.jpg
Street Kings,https://image.tmdb.org/t/p/w500/csXyZ1BsDBlH0PXkOFWxggEf9WF.jpg
Sucker Punch,https://image.tmdb.org/t/p/w500/8oBc33JEnYm3rqPIwGtQXQbP96j.jpg
Sunshine Cleaning,https://image.tmdb.org/t/p/w500/zpS6aIqBTGLKvpFshmSuegv5JDt.jpg
Super 8,https://image.tmdb.org/t/p/w500/sytFL6ALMAesKZoarlp7bIDKnns.jpg
Superbad,https://image.tmdb.org/t/p/w500/ek8e8txUyUwd2BNqj6lFEerJfbq.jpg
Superhero Movie,https://image.tmdb.org/t/p/w500/f3gFb4wLwNGQcpweamVhjNBdJ58.jpg
Surrogates,https://image.tmdb.org/t/p/w500/v3Z0Hbl0oe57njrrIPh0fJPFoo.jpg
Swing Vote,https://image.tmdb.org/t/p/w500/590NPZbaL63cDkrRFwb5qOwAqqm.jpg
Take Me Home Tonight,https://image.tmdb.org/t/p/w500/nInduPOusI1alDIC0UttFjDIKsO.jpg
Take Shelter,https://image.tmdb.org/t/p/w500/zLZQv7cN8ckBEa7HvjYkm2wx7F9.jpg
Taken,https://image.tmdb.org/t/p/w500/wrJjDB8SSJJKcpXVf4KAxZIHvBZ.jpg
Takers,https://image.tmdb.org/t/p/w500/2It3pUKN9EdG1bIzfvKJccd0gW8.jpg
Taking Woodstock,https://image.tmdb.org/t/p/w500/nfvmClvZE7KhIqB74OAgLQ2L6KW.jpg
Terminator Salvation,https://image.tmdb.org/t/p/w500/gw6JhlekZgtKUFlDTezq3j5JEPK.jpg
The A-Team,https://image.tmdb.org/t/p/w500/bkAWEx5g5tvRPjtDQyvIZ7LRxQm.jpg
The Adjustment Bureau,https://image.tmdb.org/t/p/w500/A4wKf04g4DCVAWC67uPGozIJPGw.jpg
The Adventures of Tintin,https://image.tmdb.org/t/p/w500/mKYkNro2btaWMsnYSuyqrBdHQo3.jpg
The Artist,https://image.tmdb.org/t/p/w500/khtVL4abxYczXAWbo1wAz13CLx3.jpg
The Back-up Plan,https://image.tmdb.org/t/p/w500/fB6PxwdydGzdq5jSWrxwSMEqSFs.jpg
The Bank Job,https://image.tmdb.org/t/p/w500/ayrGDJDsSBczjztGUWKqmzL97xg.jpg
The Beaver,https://image.tmdb.org/t/p/w500/nlaWgS7iIb6MG3t0FitV1xdPqIV.jpg
The Big Year,https://image.tmdb.org/t/p/w500/q6Pr8fWKh664seri2MaQeIJ6eSI.jpg
The Book of Eli,https://image.tmdb.org/t/p/w500/1H1y9ZiqNFaLgQiRDDZLA55PviW.jpg
The Bounty Hunter,https://image.tmdb.org/t/p/w500/fJPKar0jnAsS09l3xfP6LL8sUkX.jpg
The Bourne Ultimatum,https://image.tmdb.org/t/p/w500/xqf7mzA77LmMJByvwxRLNdw5pz4.jpg
The Box,https://image.tmdb.org/t/p/w500/3Ib8vlWTrAKRrTWUrTrZPOMW4jp.jpg
The Boy in the Striped Pyjamas,https://image.tmdb.org/t/p/w500/2C8QCXdMlojTxZjfBlINr4FWcb6.jpg
The Brave One,https://image.tmdb.org/t/p/w500/9UZ07Rie56aJwPeYPzDDsSyqoc5.jpg
The Bucket List,https://image.tmdb.org/t/p/w500/idbNSe8zsYKQL97dJApfOrDSdya.jpg
The Change Up,https://image.tmdb.org/t/p/w500/ki98MXBwD1qDhY3JhMdY16jJucv.jpg
The Chronicles of Narnia: Prince Caspian,https://image.tmdb.org/t/p/w500/qxz3WIyjZiSKUhaTIEJ3c1GcC9z.jpg
The Chronicles of Narnia: The Voyage of the Dawn Treader,https://image.tmdb.org/t/p/w500/z6LVJXEmY8E6s57uf8cV3RlWvws.jpg
The Company Men,https://image.tmdb.org/t/p/w500/tKX6E1nOf4vZN903YbkjQe7x1fv.jpg
The Conspirator,https://image.tmdb.org/t/p/w500/7oF9c8F9PfswtMAuodi6gMEttuo.jpg
The Crazies,https://image.tmdb.org/t/p/w500/fiJFGiqXUelHJ9Ms8mtFOCsFf4B.jpg
The Darjeeling Limited,https://image.tmdb.org/t/p/w500/oSW5OVXTulaIXcoNwJAp5YEKpbP.jpg
The Dark Knight,https://image.tmdb.org/t/p/w500/qJ2tW6WMUDux911r6m7haRef0WH.jpg
The Day the Earth Stood Still,https://image.tmdb.org/t/p/w500/mrw9NShY6I2FgXwk8Ge437pn08N.jpg
The Debt,https://image.tmdb.org/t/p/w500/5XyuUPoIeEf3guWLQW9lATON84v.jpg
The Descendants,https://image.tmdb.org/t/p/w500/mCpYsKQNOtaBYJWCRYYuFmLsB6X.jpg
The Dilemma,https://image.tmdb.org/t/p/w500/a7EVBTqeh6NoCFDW24qIp11kyi9.jpg
The Duchess,https://image.tmdb.org/t/p/w500/77ckyYrWmR12kl3qToqmDySnuwv.jpg
The Eagle,https://image.tmdb.org/t/p/w500/mbsdwO4lfIARqt35VVTM0UlYkhZ.jpg
The Expendables,https://image.tmdb.org/t/p/w500/tDynwDj3pvexrEQ8wb0uy8EdcGQ.jpg
The Eye,https://image.tmdb.org/t/p/w500/9N3znJ8sHH2EQjARCrUpxMj3hWd.jpg
The Fighter,https://image.tmdb.org/t/p/w500/jcQYWWi2y1vNsGlJJ2jNcFq0y1n.jpg
The Final Destination,https://image.tmdb.org/t/p/w500/5vxXrr1MqGsT4NNeRITpfDnl4Rq.jpg
The Forbidden Kingdom,https://image.tmdb.org/t/p/w500/mkrwLBAFHwLnQF8qdhCH0VOQqff.jpg
The Game Plan,https://image.tmdb.org/t/p/w500/fcLFvIqCUrhY96mkSmr3okxaMEw.jpg
The Girl With The Dragon Tattoo,https://image.tmdb.org/t/p/w500/zqDopwg7XQ4IfFX2dRlQCT1SwMG.jpg
The Golden Compass,https://image.tmdb.org/t/p/w500/lyaS7S4emzEaYUcSnCvyqfJpOcA.jpg
The Green Hornet,https://image.tmdb.org/t/p/w500/iMq5EaAQQ3B0Ta7TtZoOiJPnnto.jpg
The Hangover,https://image.tmdb.org/t/p/w500/uluhlXubGu1VxU63X9VHCLWDAYP.jpg
The Hangover Part II,https://image.tmdb.org/t/p/w500/jrP9zmdSUpOzzUXpEqPqg3dryUr.jpg
The Happening,https://image.tmdb.org/t/p/w500/v1Cw6WaCjNqInpAzUwbXB4LGgoX.jpg
The Haunting in Connecticut,https://image.tmdb.org/t/p/w500/dTfL0YbTa7S59vZYmWbk6UofHkI.jpg
The Haunting of Molly Hartley,https://image.tmdb.org/t/p/w500/XSy8BKHIa19yMAt7XyO2s9oIT5.jpg
The Heartbreak Kid,https://image.tmdb.org/t/p/w500/bVWM0L3DqFpNE3Yt49WjAgTQUc0.jpg
The Help,https://image.tmdb.org/t/p/w500/7XLSwxpfpPoJyTdJVot6a42TS2V.jpg
The Hills Have Eyes 2,https://image.tmdb.org/t/p/w500/kvwuqoHUpPwZv8VWMh38pSCJLct.jpg
The House Bunny,https://image.tmdb.org/t/p/w500/4oGGJ824vqIqDtyMvMuK44pDEmx.jpg
The Hurt Locker,https://image.tmdb.org/t/p/w500/cL0GuOU6SILvXyAuyB671e2r1E8.jpg
The Ides of March,https://image.tmdb.org/t/p/w500/w8t4UnJnC24S9ygoaFgmMzRbErd.jpg
The Incredible Hulk,https://image.tmdb.org/t/p/w500/gKzYx79y0AQTL4UAk1cBQJ3nvrm.jpg
The Informant!,https://image.tmdb.org/t/p/w500/qqcmJrzVx3Yx3IcBpqrgb2SK1Rx.jpg
The International,https://image.tmdb.org/t/p/w500/2r8qgOaBy6EiKbKRLwurjmHIgFs.jpg
The Invention of Lying,https://image.tmdb.org/t/p/w500/clP8tDZeM9jgnqmu4VBClBDpLtS.jpg
The Iron Lady,https://image.tmdb.org/t/p/w500/nh1j03qFhbM3HdfGhB7aCxqLVQ.jpg
The Joneses,https://image.tmdb.org/t/p/w500/k2oWuzmnDaszX2Xn04SSB0mF41B.jpg
The Karate Kid,https://image.tmdb.org/t/p/w500/iTZIA18tVOfqC39FxwRQJK19GKJ.jpg
The Kids Are All Right,https://image.tmdb.org/t/p/w500/xQ5XqZc82dDCcGjxY7voRKjhaKQ.jpg
The Kingdom,https://image.tmdb.org/t/p/w500/7ARCCbjjsqQ7ajKy1msnWxt80XH.jpg
The Kite Runner,https://image.tmdb.org/t/p/w500/dom2esWWW8C9jS2v7dOhW48LwHh.jpg
The Last Airbender,https://image.tmdb.org/t/p/w500/zgwRTYWEEPivTwjB9S03HtmMcbM.jpg
The Last Exorcism,https://image.tmdb.org/t/p/w500/eOo9tgGjxdsQEgqc6g7E1NL8460.jpg
The Last Song,https://image.tmdb.org/t/p/w500/76twEOHXAM2oKnvZYBI5bP6GeDu.jpg
The Lincoln Lawyer,https://image.tmdb.org/t/p/w500/gOn8Ve9Yi8fxjRkmLr5BZoOc7KV.jpg
The Longshots,https://image.tmdb.org/t/p/w500/mrejNUR8giaAYIJkaLztELRrVXe.jpg
The Losers,https://image.tmdb.org/t/p/w500/e5oD3fuQpjZ8Po6WNW0VkUJmW52.jpg
The Love Guru,https://image.tmdb.org/t/p/w500/sp8AV64ftAZCT9uWfgbCb3olGDW.jpg
The Lovely Bones,https://image.tmdb.org/t/p/w500/sn0iDphRxQ7I6aLd9igIgACITak.jpg
The Mechanic,https://image.tmdb.org/t/p/w500/fDAEJr4WLZLJQmckA2JZNICt0u3.jpg
The Men Who Stare at Goats,https://image.tmdb.org/t/p/w500/5boJKypPQmgABssbKOk2RvsCnSv.jpg
The Mist,https://image.tmdb.org/t/p/w500/1CvJ6diBACKPVGOpcWuY4XPQdqX.jpg
The Mummy: Tomb of the Dragon Emperor,https://image.tmdb.org/t/p/w500/A3acM1lX5PNWQa6r5qeMAJOxbnT.jpg
The Muppets,https://image.tmdb.org/t/p/w500/rsNbxonO8gtylIXwiv7JeqwJ4Kb.jpg
The Nanny Diaries,https://image.tmdb.org/t/p/w500/mR3HLHSXt6x1KKKqCBAOy143B9C.jpg
The Other Boleyn Girl,https://image.tmdb.org/t/p/w500/9zD3hXV24zJzYvSuakXZU8yMEY4.jpg
The Other Guys,https://image.tmdb.org/t/p/w500/gEz6vvd9zX1sa4e76qNMxawncX0.jpg
The Pink Panther 2,https://image.tmdb.org/t/p/w500/1XI20rOfPL6i9DrbO6GRWRxlQ60.jpg
The Proposal,https://image.tmdb.org/t/p/w500/aYlnDia7ldvqFUst1O5S8LZeM2S.jpg
The Reaping,https://image.tmdb.org/t/p/w500/o8Vl4Vxp5LBth9J6Aa3k6PAefxt.jpg
The Rite,https://image.tmdb.org/t/p/w500/gRTxM95huMwIDfZBJWjuifMTfpx.jpg
The Road,https://image.tmdb.org/t/p/w500/2mxnDbKCoR1M9e5szzc6Ku3Nfmv.jpg
The Roommate,https://image.tmdb.org/t/p/w500/kQZcOn5rDuwpbQTluC4Wm0amYmR.jpg
The Ruins,https://image.tmdb.org/t/p/w500/3wbVsG4n91U5RhGTCRkxnKPBxfC.jpg
The Rum Diary,https://image.tmdb.org/t/p/w500/h0q4RUuc1CbKWwEtH3nt7KPcPWL.jpg
The Secret Life of Bees,https://image.tmdb.org/t/p/w500/m1LGEeoYfc6crbfG8WmTKg9SVqL.jpg
The Simpsons Movie,https://image.tmdb.org/t/p/w500/gzb6P78zeFTnv9eoFYnaJ2YrZ5q.jpg
The Sitter,https://image.tmdb.org/t/p/w500/aL8uNRfhN4Xl0kzwk102CFGyySH.jpg
The Soloist,https://image.tmdb.org/t/p/w500/fkIGMQ9kkVuuFoPSCKvvea9SLxd.jpg
The Son Of No One,https://image.tmdb.org/t/p/w500/koxJAJTPTKzMxKu3vVhPvoZc4w6.jpg
The Sorcerer's Apprentice,https://image.tmdb.org/t/p/w500/b5pIUsGll0418NyfNA5eYCI9aoK.jpg
The Spirit,https://image.tmdb.org/t/p/w500/g9qawfzR3LWRC8r8YZ9w2yaQi5W.jpg
The Spy Next Door,https://image.tmdb.org/t/p/w500/nJJrceb2xHGIA0irADX0JvWSIHT.jpg
The Strangers,https://image.tmdb.org/t/p/w500/9zsA2xafNMA8BQmpQLdppLIGYAE.jpg
The Switch,https://image.tmdb.org/t/p/w500/6cfRJjF9llCQHdFrAjusidtAg45.jpg
The Taking of Pelham 1 2 3,https://image.tmdb.org/t/p/w500/baRXNiLDOpz3rH3VyjhayhgkWll.jpg
The Thing,https://image.tmdb.org/t/p/w500/tzGY49kseSE9QAKk47uuDGwnSCu.jpg
The Three Musketeers,https://image.tmdb.org/t/p/w500/w2LbQ8FvZiQpWvZyHljaOeiNknK.jpg
The Time Traveler's Wife,https://image.tmdb.org/t/p/w500/J3ewuzQwhFro0pDpdcbZ4j7MYy.jpg
The Tourist,https://image.tmdb.org/t/p/w500/oXe1nw4HcS32YVpvxwsWEVdvEXA.jpg
The Tree Of Life,https://image.tmdb.org/t/p/w500/l8cwuB5WJSoj4uMAsnzuHBOMaSJ.jpg
The Twilight Saga: Eclipse	,https://image.tmdb.org/t/p/w500/3mFM80dPzSqoXXuC2UMvLIRWX32.jpg
The Twilight Saga: New Moon,https://image.tmdb.org/t/p/w500/j5jM5pq78ObAXX1WhTsb115EkLl.jpg
The Ugly Truth,https://image.tmdb.org/t/p/w500/2rq96Ihbqb1eU3TEBVtgFlqbeX7.jpg
The Unborn,https://image.tmdb.org/t/p/w500/6SUuLwyk9wFKZDYsgdSahYs7HEf.jpg
The Uninvited,https://image.tmdb.org/t/p/w500/7Aw5L42HcyUTEeKNNRqGtoBI7sX.jpg
The Visitor,https://image.tmdb.org/t/p/w500/1FchVTEnjQw6m5NnQBa8QwjUv6T.jpg
The Wolfman,https://image.tmdb.org/t/p/w500/cdzkHnXhPbBBBAPLKDXFCy3oHVD.jpg
The Women,https://image.tmdb.org/t/p/w500/iFQrK0NHA4OMAvzyJVW4DA0kAFz.jpg
The X-Files: I Want to Believe,https://image.tmdb.org/t/p/w500/s3x7CZO7gCICKQkA5rSgorkJzYy.jpg
There Will Be Blood,https://image.tmdb.org/t/p/w500/fa0RDkAlCec0STeMNAhPaF89q6U.jpg
Thor,https://image.tmdb.org/t/p/w500/pIkRyD18kl4FhoCNQuWxWu5cBLM.jpg
Tinker Tailor Soldier Spy,https://image.tmdb.org/t/p/w500/bsL9UZPCmQKgl88wXwMulKuw9Jh.jpg
TMNT,https://image.tmdb.org/t/p/w500/ksguZE9rTtsRJlhTO59WNmPNjOR.jpg
Tooth Fairy,https://image.tmdb.org/t/p/w500/cRZvw3bPomtucIUtMHZ3qPIYtYs.jpg
Tower Heist,https://image.tmdb.org/t/p/w500/1HcOyMODYZXnncMikfhYkw3x2ss.jpg
Traitor,https://image.tmdb.org/t/p/w500/va4Uo7L2b4d96JTdRMclO9L2hY0.jpg
Transformers,https://image.tmdb.org/t/p/w500/jyzrfx2WaeY60kYZpPYepSjGz4S.jpg
Transformers: Dark of the Moon,https://image.tmdb.org/t/p/w500/juIr4ro90IBK7XlUpwo0cYqdnCI.jpg
Transformers: Revenge of the Fallen,https://image.tmdb.org/t/p/w500/6jcxahM7BDAAeKkP4IF8WLFsJ3K.jpg
Transporter 3,https://image.tmdb.org/t/p/w500/gucv9gRRnVFDyqeIS1KC7irnX0b.jpg
Trespass,https://image.tmdb.org/t/p/w500/yP60huMcPTWOJfplRLi4FQAEQxX.jpg
Tron: Legacy,https://image.tmdb.org/t/p/w500/vuifSABRpSnxCAOxEnWpNbZSXpp.jpg
Tropic Thunder,https://image.tmdb.org/t/p/w500/zAurB9mNxfYRoVrVjAJJwGV3sPg.jpg
True Grit,https://image.tmdb.org/t/p/w500/lmexRC57l39elaIcnxhaHpcaIW2.jpg
Twilight: Breaking Dawn,https://image.tmdb.org/t/p/w500/7IGdPaKujv0BjI0Zd0m0a4CzEjJ.jpg
Tyler Perry's Meet the Browns,https://image.tmdb.org/t/p/w500/1juBtpL4saeKuUSchwX3DAdsJv0.jpg
Tyler Perry's The Family That Preys,https://image.tmdb.org/t/p/w500/uUbRCGI9fWF953KKoWwCUD6VMVq.jpg
Tyler Perry's Why Did I get Married,https://image.tmdb.org/t/p/w500/74PJv3lxs3eltMDH9YRVIwP9PMU.jpg
Under the Same Moon,https://image.tmdb.org/t/p/w500/u4etTLnOF5n4HZcFPxgyHMzizZz.jpg
Underworld: Rise of the Lycans,https://image.tmdb.org/t/p/w500/yW9gF7rGn8EoV8B8rxOx1xjxVZf.jpg
Unknown,https://image.tmdb.org/t/p/w500/aXBQD515okXQZmYA89ntXMvSJSd.jpg
Unstoppable,https://image.tmdb.org/t/p/w500/zKvHwL0GqLOear8rTnUPSTRYY0r.jpg
Untraceable,https://image.tmdb.org/t/p/w500/ySUwDRDEn01lKIMPQorpFCMLWqE.jpg
Up in the Air,https://image.tmdb.org/t/p/w500/wZRNEkDxVDNNVaCPN7jKziMHmk5.jpg
Vacancy,https://image.tmdb.org/t/p/w500/9nlJVsbebi1onTwGyJ3UHDNttID.jpg
Valentine's Day,https://image.tmdb.org/t/p/w500/qOTcfD2DdnOTmhH0r1TOE09VvNh.jpg
Valkyrie,https://image.tmdb.org/t/p/w500/8eoRtXswC8IQDsqW7iJWO56NhAv.jpg
Vampires Suck,https://image.tmdb.org/t/p/w500/ksPKfoXovAiFnBktkCBefsRQ8a1.jpg
Vanishing on 7th Street,https://image.tmdb.org/t/p/w500/8LkZFmL2UHbmP7UnjlRP5gqvvqh.jpg
Vantage Point,https://image.tmdb.org/t/p/w500/4mSh7NZiW36rUbpIgcKeGVcbSSx.jpg
W.,https://image.tmdb.org/t/p/w500/nJm8UF4zbUYEoku9seEtz1PTJGS.jpg
Waiting For Forever,https://image.tmdb.org/t/p/w500/2NQpYb0AnMD0PY9UY90u9ifAFsL.jpg
Waitress,https://image.tmdb.org/t/p/w500/sWKzEAxXNClhcHW4iAxYsEG8r0X.jpg
Walk Hard: The Dewey Cox Story,https://image.tmdb.org/t/p/w500/Aa1IQ4Cuin3d7qIahvPheMmR4E5.jpg
Wall Street: Money Never Sleeps,https://image.tmdb.org/t/p/w500/i9DFTWbD6mpM6UT3HlzZwlA92l4.jpg
Wanted,https://image.tmdb.org/t/p/w500/cbDMsV4VJAL2xJ2JXdWWjmUXZkT.jpg
War Horse,https://image.tmdb.org/t/p/w500/7KHz6JlJhrFAPesmUkgdnLrSr8Y.jpg
Warrior,https://image.tmdb.org/t/p/w500/iM8n4nZJPR2abpnyZ36FUgHiRjr.jpg
Watchmen,https://image.tmdb.org/t/p/w500/lpJPbIG9sXjbk41b3zqcfntrICG.jpg
Water For Elephants,https://image.tmdb.org/t/p/w500/8T7Hvb9trKvCAmbSI8cEIU0Sl2T.jpg
We Bought a Zoo,https://image.tmdb.org/t/p/w500/dcOvIqdsojUdAtWt1nPT9xS76Su.jpg
We Own the Night,https://image.tmdb.org/t/p/w500/rsKhSr3UNjG2DhVj2KPj0ARujez.jpg
"Welcome Home, Roscoe Jenkins",https://image.tmdb.org/t/p/w500/mmmQUpNfOnNhgkd67WweWzK9dLs.jpg
What Happens in Vegas,https://image.tmdb.org/t/p/w500/x3yN37OKHOzqnwa5sum8Ut4nobY.jpg
What's Your Number,https://image.tmdb.org/t/p/w500/e2PcyjS9oBaMR7rV2DUJ1yY1gKX.jpg
Whatever Works,https://image.tmdb.org/t/p/w500/tLqMTpxtDEOXIHR4pY8fvvQg6dW.jpg
When in Rome,https://image.tmdb.org/t/p/w500/pteIGpJpgh2aUh3jMqZnomB1rw1.jpg
Where the Wild Things Are,https://image.tmdb.org/t/p/w500/sDFV9VEjwTUWF1s5sjOllsb70jk.jpg
Whip It,https://image.tmdb.org/t/p/w500/nwPvNuxIhVNhBFdzMsMPu2Va608.jpg
Whiteout,https://image.tmdb.org/t/p/w500/kkXXA3353MX60B8PRSkTGRabxXu.jpg
Why Did I Get Married Too?,https://image.tmdb.org/t/p/w500/gbSqG5ur1ipvs6WvGdQvc6Bt2K4.jpg
Wild Hogs,https://image.tmdb.org/t/p/w500/qYyPCZcpNGZwbyBo1gwdCiW5hHC.jpg
Winter's Bone,https://image.tmdb.org/t/p/w500/a0qhPkNlxLfsf5B2jFyI1Pp04XV.jpg
X-Men Origins: Wolverine,https://image.tmdb.org/t/p/w500/yj8LbTju1p7CUJg7US2unSBk33s.jpg
X-Men: First Class,https://image.tmdb.org/t/p/w500/rtuSk6E5RF30yM7P0mqnyDdYYl4.jpg
Year One,https://image.tmdb.org/t/p/w500/qF573jdJYwtCbXVXPDn4xu8nW2a.jpg
Yes Man,https://image.tmdb.org/t/p/w500/16zVbgFLTUaUTG1wQHuGjfWNuDM.jpg
Yogi Bear,https://image.tmdb.org/t/p/w500/hDd4Yf9jkysYMuXeVjFXKmrthjl.jpg
You Again,https://image.tmdb.org/t/p/w500/9qI5JE6yjmtakTankuDOMZ1vgEx.jpg
You Don't Mess with the Zohan,https://image.tmdb.org/t/p/w500/gBhLQmpCPoKFMCGsulMbIFzrBID.jpg
You Will Meet a Tall Dark Stranger,https://image.tmdb.org/t/p/w500/oBhnI8UZQzTkAH1LMEtrBUmfpjS.jpg
Your Highness,https://image.tmdb.org/t/p/w500/bq3gU60TkgBjLUbxSSZVhDhlhmH.jpg
Youth in Revolt,https://image.tmdb.org/t/p/w500/3J48x7Utjx0sdYIvjsMWnlEbxpV.jpg
Zodiac,https://image.tmdb.org/t/p/w500/kqERBMBQ5L45VmtDiuWmZiAhgzg.jpg
Zombieland,https://image.tmdb.org/t/p/w500/dUkAmAyPVqubSBNRjRqCgHggZcK.jpg
Zookeeper,https://image.tmdb.org/t/p/w500/y3b4AYw8dr4hIKTfEAjxUxx0z8G.jpg
